{
	"packagInfo": {
		"name": "上海黄浦市市民服务满意度象限图统计",
		"version": "1.0",
		"init": "modelRun.init",
		"satisfaction": "modelRun.satisfaction"
	},
	"steps": {

		"init": [
			{
				"parameterName": "whlsource",
				"parameterType": "String",
				"defaultValue": "${prop.whlurl}",
				"desc": "依赖包下载地址"
			}
		],
		"satisfaction": [
			{
				"parameterName": "rturl",
				"parameterType": "String",
				"defaultValue": "",
				"desc": "读取原始输入数据的mpp连接信息，格式为jdbc:postgresql://ip/dbname"
			},
			{
				"parameterName": "rtusername",
				"parameterType": "String",
				"defaultValue": "",
				"desc": "读取原始输入数据的mpp连接信息，用户名"
			},
			{
				"parameterName": "rtpassword",
				"parameterType": "String",
				"defaultValue": "",
				"desc": "读取原始输入数据的mpp连接信息，密码"
			},
			{
				"parameterName": "rtable",
				"parameterType": "String",
				"defaultValue": "",
				"desc": "读取数据表名,格式为模式名.表名"
			},
			{
				"parameterName": "rx",
				"parameterType": "String",
				"defaultValue": "",
				"desc": "读取数据中，筛选热线数据的字段名"
			},
			{
				"parameterName": "ywlx",
				"parameterType": "String",
				"defaultValue": "",
				"desc": "读取数据中，筛选业务类型的字段名"
			},
			{
				"parameterName": "glyd",
				"parameterType": "String",
				"defaultValue": "",
				"desc": "读取数据中，筛选管理要点的字段名"
			},
			{
				"parameterName": "myd",
				"parameterType": "String",
				"defaultValue": "",
				"desc": "读取数据中，满意度字段的字段名"
			},
			{
				"parameterName": "cturl",
				"parameterType": "String",
				"defaultValue": "",
				"desc": "算子结果保存mpp库的连接信息，格式为jdbc:postgresql://ip/dbname"
			},
			{
				"parameterName": "ctusername",
				"parameterType": "String",
				"defaultValue": "",
				"desc": "算子结果保存mpp库的连接信息，用户名"
			},
			{
				"parameterName": "ctpassword",
				"parameterType": "String",
				"defaultValue": "",
				"desc": "算子结果保存mpp库的连接信息，密码"
			},
			{
				"parameterName": "ctable_s",
				"parameterType": "String",
				"defaultValue": "",
				"desc": "'服务'类象限图结果回写表名,格式为模式名.表名"
			},
			{
				"parameterName": "s_o_sat",
				"parameterType": "float",
				"defaultValue": "",
				"desc": "'服务'类象限图X轴坐标从满意度s_o_sat开始，即坐标原点为（s_o_sat,0）"
			},
			{
				"parameterName": "ctable_c",
				"parameterType": "String",
				"defaultValue": "",
				"desc": "'投诉'类象限图结果回写表名,格式为模式名.表名"
			},
			{
				"parameterName": "c_ratio",
				"parameterType": "float",
				"defaultValue": "",
				"desc": "'投诉'类象限图第一象限在Y轴上的起点为（0.75，（1-c_ratio）*Y轴最大值）"
			},
			{
				"parameterName": "c_r_sat",
				"parameterType": "float",
				"defaultValue": "",
				"desc": "'投诉'类象限图第四象限在X轴上的起点为（c_r_sat,0）"
			}
		]


	}
}